编号,类型,子类型 ,GM名称,名称,简介,使用等级条件,出售时间,下架时间,图片配置,名字图片配置,元宝价格,金币价格,原价(特价商品展示),排序（数字大的优先展示）,获取时是否排序最前（0）,包裹排序,需要vip等级,购买次数限制的类型,购买次数限制,vip礼包可购买等级,是否出售,恢复类型,恢复数量,礼包兑换,购买后改变的宝箱积分值,可能最差装备,可能最好装备,可能最差武功,可能最好武功,给予一次银币,给于一次培养丹,开出下一级别宝箱概率,开出下一级别钥匙概率,下一级别宝箱,下一级别钥匙,对应宝箱,对应钥匙,精练经验,需要的少林寺积分,一次兑换几个,可兑换次数,
tag[string],type[string],subtype[string],gm_name[string],name[string],description[string],use_level[int],sell_start_t[int],sell_end_t[int],pinYinID[string],nametmc[string],gem_cost[int],money_cost[int],old_cost[int],sort[int],sortPriorityForNew[int],bagsort[int],need_vip[int],cnt_limit_type[string],cnt_limit[int],show_gift_lvl[int],canbuy[int],recover_type[string],recover_num[int],ex_id[string],magicBoxPoint[vector;key[string];value[int]],worstZhuangbeiQ[int],bestZhuangbeiQ[int],worstWugongQ[int],bestWugongQ[int],maigcBoxOnceMoney[int],magicBoxOncePeiyangdan[int],betterBoxProp[int],betterKeyProp[int],betterBoxTag[string],betterKeyTag[string],BindBox[string],BindKey[string],refine_exp[int],shaolin_jifen[int],duihuan_num[int],shaolin_count[int],
601001,tool,,tid#fanshu,tid#fanshu,tid#fanshu_introduce,1,,,,,30,,,106,1,1,,,,,0,stamina,12,,,,,,,,,,,,,,,,,,,加林仙人精心培育的仙豆，对恢复体力有很大帮助
601002,tool,,tid#mianbao,tid#mianbao,tid#mianbao_introduce,1,,,,,30,,,105,1,2,,,,,0,energy,12,,,,,,,,,,,,,,,,,,,激发潜力，服用后可增加12点精力。
601003,tool,box,tid#muxiangzi,tid#muxiangzi,tid#muxiangzi_introduce,1,,,,,10000,,,92,0,401,,,,,0,,,,,,,,,,,,,601006,601010,,601009,,,,,存有宝物的木盒，打开后可能获得银两、装备、武功、元宝道具或触发奇遇，需要用木钥匙打开。
601006,tool,box,tid#tongxiangzi,tid#tongxiangzi,tid#tongxiangzi_introduce,1,,,,,10000,,,93,0,402,,,,,0,,,,,,,,,,,,,601007,601011,,601010,,,,,存有宝物的铜箱，打开后可能获得银两、装备、武功、元宝道具或触发奇遇，需要用铜钥匙打开。
601007,tool,box,tid#yinxiangzi,tid#yinxiangzi,tid#yinxiangzi_introduce,1,,,,,5,,,208,0,403,,,,,1,,,,"zhuangbeiPoint_q4,50;zhuangbeiPoint_q3,1000;zhuangbeiPoint_q2,7500;zhuangbeiPoint_q1,0;wugongPoint_q4,400;wugongPoint_q3,2500;wugongPoint_q2,15000;wugongPoint_q1,0;chuangongdanPoint,0;zhijunChuangongdanPoint,500;zhangmentiePoint,1250;nverhongPoint,2000;moneyNum,500;peiyangdanNum,7500;",,,,,,,,,601008,601012,,601011,,,,,传说中的银制聚宝盆，打开后可能获得银两、装备、武功、元宝道具或触发奇遇，需要用银钥匙打开。
601008,tool,box,tid#jinxiangzi,tid#jinxiangzi,tid#jinxiangzi_introduce,1,,,,,10,,,210,0,404,,,,,1,,,,"zhuangbeiPoint_q4,200;zhuangbeiPoint_q3,4000;zhuangbeiPoint_q2,5000;zhuangbeiPoint_q1,0;wugongPoint_q4,2000;wugongPoint_q3,6666;wugongPoint_q2,10000;wugongPoint_q1,0;chuangongdanPoint,0;zhijunChuangongdanPoint,2000;zhangmentiePoint,2666;nverhongPoint,2666;moneyNum,1333;peiyangdanNum,33333;",,,,,,,,,,,,601012,,,,,传说中的金制聚宝鼎，打开后可能获得银两、武功、元宝道具或触发奇遇，需要用金钥匙打开。
601009,tool,key,tid#muyuechi,tid#muyuechi,tid#muyuechi_introduce,1,,,,,5,,,205,0,301,,,,,1,,,,"zhuangbeiPoint_q4,0;zhuangbeiPoint_q3,0;zhuangbeiPoint_q2,10000;zhuangbeiPoint_q1,50000;wugongPoint_q4,0;wugongPoint_q3,2000;wugongPoint_q2,26000;wugongPoint_q1,0;chuangongdanPoint,2000;zhijunChuangongdanPoint,100;zhangmentiePoint,10000;nverhongPoint,7000;moneyNum,1000;peiyangdanNum,10000;",1,3,2,3,5000,5,15000,10000,601006,601010,601003,,,,,,用来打开聚宝木盒。
601010,tool,key,tid#tongyuechi,tid#tongyuechi,tid#tongyuechi_introduce,1,,,,,10,,,206,0,302,,,,,1,,,,"zhuangbeiPoint_q4,0;zhuangbeiPoint_q3,1000;zhuangbeiPoint_q2,20000;zhuangbeiPoint_q1,50000;wugongPoint_q4,0;wugongPoint_q3,5000;wugongPoint_q2,26000;wugongPoint_q1,0;chuangongdanPoint,3000;zhijunChuangongdanPoint,100;zhangmentiePoint,5000;nverhongPoint,14000;moneyNum,1500;peiyangdanNum,10000;",1,3,2,3,10000,10,10000,15000,601007,601011,601006,,,,,,用来打开聚宝铜箱。
601011,tool,key,tid#yinyuechi,tid#yinyuechi,tid#yinyuechi_introduce,1,,,,,15,,,207,0,303,,,,,1,,,,"zhuangbeiPoint_q4,150;zhuangbeiPoint_q3,3000;zhuangbeiPoint_q2,22500;zhuangbeiPoint_q1,0;wugongPoint_q4,1000;wugongPoint_q3,7500;wugongPoint_q2,45000;wugongPoint_q1,0;chuangongdanPoint,0;zhijunChuangongdanPoint,1500;zhangmentiePoint,3750;nverhongPoint,6000;moneyNum,1500;peiyangdanNum,22500;",2,4,2,4,20000,15,0,15000,601008,601012,601007,,,,,,用来打开聚宝银盆。
601012,tool,key,tid#jinyuechi,tid#jinyuechi,tid#jinyuechi_introduce,1,,,,,20,,,209,0,304,,,,,1,,,,"zhuangbeiPoint_q4,400;zhuangbeiPoint_q3,8000;zhuangbeiPoint_q2,10000;zhuangbeiPoint_q1,0;wugongPoint_q4,4000;wugongPoint_q3,13333;wugongPoint_q2,20000;wugongPoint_q1,0;chuangongdanPoint,0;zhijunChuangongdanPoint,4000;zhangmentiePoint,5333;nverhongPoint,5333;moneyNum,2666;peiyangdanNum,66666;",2,4,2,4,20000,20,0,0,,,601008,,,,,,用来打开聚宝金鼎。
601013,tool,chuangong,tid#chuanchengling,tid#chuanchengling,tid#chuanchengling_introduce,1,,,,,28,,,88,0,80,,,,,1,exp,80,,,,,,,,,,,,,,,,,,,弟子之间传功所需要丹药，可以使某个大于等于两级的弟子的80%经验传递给另一人。
601014,tool,chuangong,tid#tedengchuanchengling,tid#tedengchuanchengling,tid#tedengchuanchengling_introduce,1,,,,,198,,,89,0,81,,,,,1,exp,100,,,,,,,,,,,,,,,,,,,弟子之间传功所需要秘制丹药，可以使某个大于等于两级的弟子经验无损传递给另一人。
601015,tool,,tid#jingjiling,tid#jingjiling,tid#jingjiling_introduce,1,,,,,28,,,66,0,11,,,,,1,lunjian,3,,,,,,,,,,,,,,,,,,,使用掌门贴可增加3次论剑机会。
601016,tool,soulbox,tid#shehunhuluxiao,tid#shehunhuluxiao,tid#shehunhuluxiao_introduce,1,,,,,18,,,30,1,101,,,,,0,soul,1,,,,,,,,,,,,,,,,,,,打开后立刻获得1个武林人物的魂魄，甲乙品质也有可能获得！
601017,tool,soulbox,tid#shehunhuluzhong,tid#shehunhuluzhong,tid#shehunhuluzhong_introduce,1,,,,,48,,,31,1,102,,,,,0,soul,3,,,,,,,,,,,,,,,,,,,打开后立刻获得3个武林人物的魂魄，甲乙品质也有可能获得！
601018,tool,soulbox,tid#shehunhuluda,tid#shehunhuluda,tid#shehunhuluda_introduce,1,,,,,148,,,32,1,103,,,,,0,soul,10,,,,,,,,,,,,,,,,,,,打开后立刻获得10个武林人物的魂魄，甲乙品质也有可能获得！
601020,tool,gift,tid#libao,tid#libao,tid#libao_introduce,1,,,,,1,,,,,,,,,,0,,,ex007,,,,,,,,,,,,,,,,,,礼包用来测试
601019,tool,peiyang,tid#jiyinye,tid#jiyinye,tid#jiyinye_introduce,1,,,,,10000,,,82,1,50,,,,,0,,,,,,,,,,,,,,,,,,,,,培养弟子时需要的丹药，可将弟子潜力置换成能力。
601021,tool,dianbo,tid#weishiji,tid#weishiji,tid#weishiji_introduce,1,,,,,20,,,81,0,12,,,,,1,,,,,,,,,,,,,,,,,,,,,弟子受到点拨时可用此道具使获得经验翻倍。
601004,tool,rename,tid#duiwugaimingshu,tid#duiwugaimingshu,tid#duiwugaimingshu_introduce,1,,,,,300,,,83,0,201,,,,,1,,,,,,,,,,,,,,,,,,,,,使用后即可更改门派当前名称。
601005,tool,chat,tid#feige,tid#feige,tid#feige_introduce,1,,,,,10,,,80,0,13,,,,,1,,,,,,,,,,,,,,,,,,,,,十分神奇的道具，通过此物可用内力将所说之话传播更远。
601801,tool,gift,tid#neiceilibao,tid#neiceilibao,tid#neiceilibao_introduce,1,,,,,10000,,,801,1,405,,,,,0,,,ex801,,,,,,,,,,,,,,,,,,内测感恩大礼包
601802,tool,gift,tid#xinshoulibao,tid#xinshoulibao,tid#newuserlibao_introduce,1,,,,,10000,,,801,1,406,,,,,0,,,ex802,,,,,,,,,,,,,,,,,,新手大礼包
601803,tool,gift,tid#newuserlibao5,tid#newuserlibao5,tid#newuserlibao5_introduce,5,,,xinshoulibao,xinshoulibao,10000,,,801,1,406,,,,,0,,,ex803,,,,,,,,,,,,,,,,,,
601804,tool,gift,tid#newuserlibao10,tid#newuserlibao10,tid#newuserlibao10_introduce,10,,,xinshoulibao,xinshoulibao,10000,,,801,1,406,,,,,0,,,ex804,,,,,,,,,,,,,,,,,,
601805,tool,gift,tid#newuserlibao15,tid#newuserlibao15,tid#newuserlibao15_introduce,15,,,xinshoulibao,xinshoulibao,10000,,,801,1,406,,,,,0,,,ex805,,,,,,,,,,,,,,,,,,
601806,tool,gift,tid#newuserlibao20,tid#newuserlibao20,tid#newuserlibao20_introduce,20,,,xinshoulibao,xinshoulibao,10000,,,801,1,406,,,,,0,,,ex806,,,,,,,,,,,,,,,,,,
601807,tool,gift,tid#newuserlibao25,tid#newuserlibao25,tid#newuserlibao25_introduce,25,,,xinshoulibao,xinshoulibao,10000,,,801,1,406,,,,,0,,,ex807,,,,,,,,,,,,,,,,,,
601808,tool,gift,tid#newuserlibao30,tid#newuserlibao30,tid#newuserlibao30_introduce,30,,,xinshoulibao,xinshoulibao,10000,,,801,1,406,,,,,0,,,ex808,,,,,,,,,,,,,,,,,,
601809,tool,gift,tid#newuserlibao35,tid#newuserlibao35,tid#newuserlibao35_introduce,35,,,xinshoulibao,xinshoulibao,10000,,,801,1,406,,,,,0,,,ex809,,,,,,,,,,,,,,,,,,
602001,tool,gift,tid#vip1libao,tid#vip1libao,tid#vip1libao_introduce,1,,,VIPlibao,VIPlibao,8,,48,901,1,703,1,life,1,0,1,,,ex2001,"zhuangbeiPoint_q4,0;zhuangbeiPoint_q3,0;zhuangbeiPoint_q2,100000;zhuangbeiPoint_q1,250000;wugongPoint_q4,0;wugongPoint_q3,50000;wugongPoint_q2,260000;wugongPoint_q1,0;chuangongdanPoint,30000;zhijunChuangongdanPoint,1000;zhangmentiePoint,100000;nverhongPoint,100000;moneyNum,10000;peiyangdanNum,0;",,,,,,,,,,,,,,,,,
602002,tool,gift,tid#vip2libao,tid#vip2libao,tid#vip2libao_introduce,1,,,VIPlibao,VIPlibao,48,,248,902,1,704,2,life,1,0,1,,,ex2002,"zhuangbeiPoint_q4,0;zhuangbeiPoint_q3,0;zhuangbeiPoint_q2,100000;zhuangbeiPoint_q1,250000;wugongPoint_q4,0;wugongPoint_q3,0;wugongPoint_q2,250000;wugongPoint_q1,0;chuangongdanPoint,30000;zhijunChuangongdanPoint,1000;zhangmentiePoint,200000;nverhongPoint,100000;moneyNum,10000;peiyangdanNum,100000;",,,,,,,,,,,,,,,,,
602003,tool,gift,tid#vip3libao,tid#vip3libao,tid#vip3libao_introduce,1,,,VIPlibao,VIPlibao,98,,480,903,1,705,3,life,1,0,1,,,ex2003,"zhuangbeiPoint_q4,0;zhuangbeiPoint_q3,0;zhuangbeiPoint_q2,20000;zhuangbeiPoint_q1,0;wugongPoint_q4,0;wugongPoint_q3,100000;wugongPoint_q2,300000;wugongPoint_q1,0;chuangongdanPoint,0;zhijunChuangongdanPoint,0;zhangmentiePoint,0;nverhongPoint,0;moneyNum,50000;peiyangdanNum,0;",,,,,,,,,,,,,,,,,
602004,tool,gift,tid#vip4libao,tid#vip4libao,tid#vip4libao_introduce,1,,,VIPlibao,VIPlibao,168,,880,904,1,706,4,life,1,0,1,,,ex2004,"zhuangbeiPoint_q4,0;zhuangbeiPoint_q3,100000;zhuangbeiPoint_q2,0;zhuangbeiPoint_q1,0;wugongPoint_q4,100000;wugongPoint_q3,100000;wugongPoint_q2,200000;wugongPoint_q1,0;chuangongdanPoint,0;zhijunChuangongdanPoint,0;zhangmentiePoint,200000;nverhongPoint,0;moneyNum,40000;peiyangdanNum,0;",,,,,,,,,,,,,,,,,
602005,tool,gift,tid#vip5libao,tid#vip5libao,tid#vip5libao_introduce,1,,,VIPlibao,VIPlibao,298,,1980,905,1,707,5,life,1,0,1,,,ex2005,,,,,,,,,,,,,,,,,,
602006,tool,gift,tid#vip6libao,tid#vip6libao,tid#vip6libao_introduce,1,,,VIPlibao,VIPlibao,498,,2980,906,1,708,6,life,1,3,1,,,ex2006,"zhuangbeiPoint_q4,0;zhuangbeiPoint_q3,100000;zhuangbeiPoint_q2,30000;zhuangbeiPoint_q1,0;wugongPoint_q4,200000;wugongPoint_q3,300000;wugongPoint_q2,1000000;wugongPoint_q1,0;chuangongdanPoint,0;zhijunChuangongdanPoint,100000;zhangmentiePoint,250000;nverhongPoint,0;moneyNum,120000;peiyangdanNum,0;",,,,,,,,,,,,,,,,,
602007,tool,gift,tid#vip7libao,tid#vip7libao,tid#vip7libao_introduce,1,,,VIPlibao,VIPlibao,998,,4990,907,1,709,7,life,1,4,1,,,ex2007,,,,,,,,,,,,,,,,,,
602008,tool,gift,tid#vip8libao,tid#vip8libao,tid#vip8libao_introduce,1,,,VIPlibao,VIPlibao,1998,,9990,908,1,710,8,life,1,5,1,,,ex2008,"zhuangbeiPoint_q4,100000;zhuangbeiPoint_q3,100000;zhuangbeiPoint_q2,0;zhuangbeiPoint_q1,0;wugongPoint_q4,40000;wugongPoint_q3,800000;wugongPoint_q2,0;wugongPoint_q1,0;chuangongdanPoint,0;zhijunChuangongdanPoint,150000;zhangmentiePoint,400000;nverhongPoint,0;moneyNum,300000;peiyangdanNum,0;",,,,,,,,,,,,,,,,,
602009,tool,gift,tid#vip9libao,tid#vip9libao,tid#vip9libao_introduce,1,,,VIPlibao,VIPlibao,2998,,16880,909,1,711,9,life,1,6,1,,,ex2009,"zhuangbeiPoint_q4,50000;zhuangbeiPoint_q3,200000;zhuangbeiPoint_q2,20000;zhuangbeiPoint_q1,0;wugongPoint_q4,250000;wugongPoint_q3,800000;wugongPoint_q2,800000;wugongPoint_q1,0;chuangongdanPoint,0;zhijunChuangongdanPoint,150000;zhangmentiePoint,400000;nverhongPoint,400000;moneyNum,600000;peiyangdanNum,0;",,,,,,,,,,,,,,,,,
602010,tool,gift,tid#vip10libao,tid#vip10libao,tid#vip10libao_introduce,1,,,VIPlibao,VIPlibao,3698,,18880,910,1,712,10,life,1,7,1,,,ex2010,,,,,,,,,,,,,,,,,,
602011,tool,gift,tid#vip11libao,tid#vip11libao,tid#vip11libao_introduce,1,,,VIPlibao,VIPlibao,4698,,23880,911,1,713,11,life,1,8,1,,,ex2011,,,,,,,,,,,,,,,,,,
602012,tool,gift,tid#vip12libao,tid#vip12libao,tid#vip12libao_introduce,1,,,VIPlibao,VIPlibao,12698,,63880,912,1,714,12,life,1,9,1,,,ex2012,,,,,,,,,,,,,,,,,,
602013,tool,gift,tid#vip13libao,tid#vip13libao,tid#vip13libao_introduce,1,,,VIPlibao,VIPlibao,19888,,99880,913,1,715,13,life,1,10,1,,,ex2013,,,,,,,,,,,,,,,,,,
602015,tool,gift,tid#xiaobaoxieli,tid#xiaobaoxieli,tid#xiaobaoxieli_introduce,1,,,VIPlibao,VIPlibao,,100,500,901,1,716,,week,1,,0,,,ex2015,,,,,,,,,,,,,,,,,,
602016,tool,gift,tid#vip2libao,tid#vip2libao,tid#vip2libao_introduce,1,,,VIPlibao,VIPlibao,48,,248,902,1,704,,week,1,,0,,,ex2002,,,,,,,,,,,,,,,,,,
602017,tool,gift,tid#vip3libao,tid#vip3libao,tid#vip3libao_introduce,1,,,VIPlibao,VIPlibao,98,,480,903,1,705,,week,1,,0,,,ex2003,,,,,,,,,,,,,,,,,,
602018,tool,gift,tid#vip4libao,tid#vip4libao,tid#vip4libao_introduce,1,,,VIPlibao,VIPlibao,168,,880,904,1,706,,week,1,,0,,,ex2004,,,,,,,,,,,,,,,,,,
601050,tool,,tid#doushayuebing,tid#doushayuebing,tid#doushayuebing_introduce,1,,,,,30,,,106,1,3,,,,,0,stamina,2,,,,,,,,,,,,,,,,,,,
601051,tool,,tid#danhuangyuebing,tid#danhuangyuebing,tid#danhuangyuebing_introduce,1,,,,,30,,,105,1,4,,,,,0,energy,2,,,,,,,,,,,,,,,,,,,
602050,tool,gift,tid#muzhiyuebinglihe,tid#muzhiyuebinglihe,tid#muzhiyuebinglihe_introduce,1,,,yuebinglihe,,128,,250,996,1,719,,life,1,,0,,,ex2050,"zhuangbeiPoint_q4,0;zhuangbeiPoint_q3,200000;zhuangbeiPoint_q2,500000;zhuangbeiPoint_q1,1000000;wugongPoint_q4,0;wugongPoint_q3,300000;wugongPoint_q2,1500000;wugongPoint_q1,0;chuangongdanPoint,0;zhijunChuangongdanPoint,100000;zhangmentiePoint,0;nverhongPoint,100000;moneyNum,150000;peiyangdanNum,500000;",,,,,,,,,,,,,,,,,
602051,tool,gift,tid#tongzhiyuebinglihe,tid#tongzhiyuebinglihe,tid#tongzhiyuebinglihe_introduce,1,,,yuebinglihe,,248,,500,997,1,720,,life,1,,0,,,ex2051,"zhuangbeiPoint_q4,0;zhuangbeiPoint_q3,300000;zhuangbeiPoint_q2,1000000;zhuangbeiPoint_q1,500000;wugongPoint_q4,100000;wugongPoint_q3,300000;wugongPoint_q2,1500000;wugongPoint_q1,0;chuangongdanPoint,0;zhijunChuangongdanPoint,200000;zhangmentiePoint,0;nverhongPoint,200000;moneyNum,300000;peiyangdanNum,500000;",,,,,,,,,,,,,,,,,
602052,tool,gift,tid#yinzhiyuebinglihe,tid#yinzhiyuebinglihe,tid#yinzhiyuebinglihe_introduce,1,,,yuebinglihe,,368,,750,998,1,721,,life,1,,0,,,ex2052,"zhuangbeiPoint_q4,0;zhuangbeiPoint_q3,100000;zhuangbeiPoint_q2,1000000;zhuangbeiPoint_q1,0;wugongPoint_q4,200000;wugongPoint_q3,400000;wugongPoint_q2,2000000;wugongPoint_q1,0;chuangongdanPoint,0;zhijunChuangongdanPoint,100000;zhangmentiePoint,0;nverhongPoint,300000;moneyNum,600000;peiyangdanNum,1125000;",,,,,,,,,,,,,,,,,
602053,tool,gift,tid#jinzhiyuebinglihe,tid#jinzhiyuebinglihe,tid#jinzhiyuebinglihe_introduce,1,,,yuebinglihe,,498,,1000,999,1,722,,life,1,,0,,,ex2053,"zhuangbeiPoint_q4,100000;zhuangbeiPoint_q3,100000;zhuangbeiPoint_q2,200000;zhuangbeiPoint_q1,0;wugongPoint_q4,300000;wugongPoint_q3,800000;wugongPoint_q2,1000000;wugongPoint_q1,0;chuangongdanPoint,0;zhijunChuangongdanPoint,200000;zhangmentiePoint,0;nverhongPoint,300000;moneyNum,666666;peiyangdanNum,3333333;",,,,,,,,,,,,,,,,,
602054,tool,gift,tid#gongcechaozhilibao,tid#gongcechaozhilibao,tid#gongcechaozhilibao_introduce,1,,,yuebinglihe,,10,,500,999,1,723,,life,1,,1,,,ex2054,"zhuangbeiPoint_q4,2500;zhuangbeiPoint_q3,100000;zhuangbeiPoint_q2,200000;zhuangbeiPoint_q1,0;wugongPoint_q4,50000;wugongPoint_q3,200000;wugongPoint_q2,500000;wugongPoint_q1,0;chuangongdanPoint,0;zhijunChuangongdanPoint,100000;zhangmentiePoint,100000;nverhongPoint,100000;moneyNum,200000;peiyangdanNum,1000000;",,,,,,,,,,,,,,,,,
602055,tool,gift,tid#youhuilibao,tid#youhuilibao,tid#youhuilibao_introduce,1,,,VIPlibao,,10,,500,999,1,724,1,life,1,1,1,,,ex2055,,,,,,,,,,,,,,,,,,里面包含门派更名令×1和千里传音×20，只售10元宝，每位掌门只有一次机会，欲购从速哦！
602056,tool,gift,tid#shouchonglibao,tid#shouchonglibao,tid#shouchonglibao_introduce,1,,,VIPlibao,,0,,1000,999,1,725,,life,1,,0,,,ex2056,,,,,,,,,,,,,,,,,,
602057,tool,gift,tid#Txneicejingyinglibao,tid#Txneicejingyinglibao,tid#Txneicejingyinglibao_introduce,1,,,VIPlibao,,498,,1000,999,1,726,,life,1,,0,,,ex2057,,,,,,,,,,,,,,,,,,
602058,tool,gift,tid#tengxunzhuanxianglibao1,tid#tengxunzhuanxianglibao1,tid#tengxunzhuanxianglibao1_introduce,1,,,VIPlibao,,,,,999,1,727,,,,,0,,,ex2058,,,,,,,,,,,,,,,,,,
602059,tool,gift,tid#tengxunzhuanxianglibao2,tid#tengxunzhuanxianglibao2,tid#tengxunzhuanxianglibao2_introduce,10,,,VIPlibao,,,,,999,1,728,,,,,0,,,ex2059,,,,,,,,,,,,,,,,,,
602060,tool,gift,tid#mozuanlibao,tid#mozuanlibao,tid#mozuanlibao_introduce,1,,,qqbluelibao,,,,,999,1,729,,,,,0,,,ex2060,,,,,,,,,,,,,,,,,,
602061,tool,gift,tid#baodielibaoyi,tid#baodielibaoyi,tid#baodielibaoyi_introduce,1,1364745600,1364831999,VIPlibao,,200,,320,991,1,730,,life,1,,0,,,ex2061,,,,,,,,,,,,,,,,,,
602062,tool,gift,tid#baodielibaoer,tid#baodielibaoer,tid#baodielibaoer_introduce,1,1364745600,1364831999,VIPlibao,,570,,900,992,1,731,,life,1,,0,,,ex2062,,,,,,,,,,,,,,,,,,
602063,tool,gift,tid#baodielibaosan,tid#baodielibaosan,tid#baodielibaosan_introduce,1,1364745600,1364831999,VIPlibao,,900,,1500,993,1,732,,life,1,,0,,,ex2063,,,,,,,,,,,,,,,,,,
602064,tool,gift,tid#baodielibaosi,tid#baodielibaosi,tid#baodielibaosi_introduce,1,1364745600,1364831999,VIPlibao,,1700,,3000,994,1,733,,life,1,,0,,,ex2064,,,,,,,,,,,,,,,,,,
602065,tool,gift,tid#baodielibaowu,tid#baodielibaowu,tid#baodielibaowu_introduce,1,1364745600,1364831999,VIPlibao,,2400,,4500,995,1,734,,life,1,,0,,,ex2065,,,,,,,,,,,,,,,,,,
602066,tool,gift,tid#baodielibaoliu,tid#baodielibaoliu,tid#baodielibaoliu_introduce,1,1364745600,1364831999,VIPlibao,,3000,,6000,996,1,735,,life,1,,0,,,ex2066,,,,,,,,,,,,,,,,,,
602067,tool,gift,tid#baodielibaoqi,tid#baodielibaoqi,tid#baodielibaoqi_introduce,1,1364745600,1364831999,VIPlibao,,3500,,7500,997,1,736,,life,1,,0,,,ex2067,,,,,,,,,,,,,,,,,,
602068,tool,randombox,tid#chunyangtiehe,tid#chunyangtiehe,tid#chunyangtiehe_introduce,1,1366819200,1366991999,chunyangtiehe,chunyangtiehe,80,,200,211,1,737,,,,,0,,,,"randomt1,3000;randomt2,900;randomt3,10000;randomt4,20000;randomt5,15000",,,,,,,,,,,,,,,,,武林至宝纯阳铁盒，内藏有葵花宝典、九阴真经、易筋经等绝世武学，开启时更有机会引发天地剧变拜得孤独求败魂魄噢，限时 天购买，欲购从速！
602069,tool,gift,tid#baiyijianshenlibao,tid#baiyijianshenlibao,tid#baiyijianshenlibao_introduce,1,1364745600,1364831999,baiyijianshen,baiyijianshen,1088,,2088,1000,1,738,,,,,1,,,ex2069,,,,,,,,,,,,,,,,,,内含百战披风、天孤符和50培养丹，每服限量 个，欲购从速噢！
602070,tool,gift,tid#baodielibaoyi,tid#baodielibaoyi,tid#baodielibaoyi_introduce,1,1366819200,1366905599,VIPlibao,,200,,320,991,1,730,,life,1,,0,,,ex2070,,,,,,,,,,,,,,,,,,
602071,tool,gift,tid#baodielibaoer,tid#baodielibaoer,tid#baodielibaoer_introduce,1,1366819200,1366905599,VIPlibao,,590,,900,992,1,731,,life,1,,0,,,ex2071,,,,,,,,,,,,,,,,,,
602072,tool,gift,tid#baodielibaosan,tid#baodielibaosan,tid#baodielibaosan_introduce,1,1366819200,1366905599,VIPlibao,,1100,,1500,993,1,732,,life,1,,0,,,ex2072,,,,,,,,,,,,,,,,,,
602073,tool,gift,tid#baodielibaosi,tid#baodielibaosi,tid#baodielibaosi_introduce,1,1366819200,1366905599,VIPlibao,,2100,,3000,994,1,733,,life,1,,0,,,ex2073,,,,,,,,,,,,,,,,,,
602074,tool,gift,tid#baodielibaowu,tid#baodielibaowu,tid#baodielibaowu_introduce,1,1366819200,1366905599,VIPlibao,,3000,,4500,995,1,734,,life,1,,0,,,ex2074,,,,,,,,,,,,,,,,,,
602075,tool,gift,tid#baodielibaoliu,tid#baodielibaoliu,tid#baodielibaoliu_introduce,1,1366819200,1366905599,VIPlibao,,3750,,6000,996,1,735,,life,1,,0,,,ex2075,,,,,,,,,,,,,,,,,,
602076,tool,gift,tid#baodielibaoqi,tid#baodielibaoqi,tid#baodielibaoqi_introduce,1,1366819200,1366905599,VIPlibao,,4800,,7500,997,1,736,,life,1,,0,,,ex2076,,,,,,,,,,,,,,,,,,
602077,tool,gift,tid#guangronglibao,tid#guangronglibao,tid#guangronglibao_introduce,,1367121600,1367640000,baiyijianshen,baiyijianshen,88,,888,1001,1,737,,life,1,,0,,,ex2077,,,,,,,,,,,,,,,,,,
602078,tool,gift,tid#gaojiguangrong,tid#gaojiguangrong,tid#gaojiguangrong_introduce,,1367121600,1367640000,baiyijianshen,baiyijianshen,1088,,8888,1002,1,738,,life,1,,0,,,ex2078,,,,,,,,,,,,,,,,,,
602079,tool,gift,tid#jipinzhenqilibao,tid#jipinzhenqilibao,tid#jipinzhenqilibao_introduce,19,,,baiyijianshen,baiyijianshen,1288,,7888,1003,1,739,,life,,,0,,,ex2079,,,,,,,,,,,,,,,,,,
602080,tool,jingjiu,tid#zhuangyuanhong,tid#zhuangyuanhong,tid#zhuangyuanhong_introduce,1,,,zhuangyuanhong,zhuangyuanhong,,30000,,,1,740,,,,,0,,,,,,,,,,,,,,,,,,,,,
602081,tool,hejiu,tid#dakaizhuangyuan,tid#dakaizhuangyuan,tid#dakaizhuangyuan_introduce,,,,dakaizhuangyuanhong,dakaizhuangyuanhong,,30000,,,1,741,,,,,0,,,,,,,,,,,,,,,,,,,,,
602082,tool,qixingling,tid#qixingling,tid#qixingling,tid#qixingling_introduce,15,,,qixingling,qixingling,,,,,1,309,,,,,0,,,,,,,,,,,,,,,,,,,,,
602083,tool,gift,tid#qixinglibao,tid#qixinglibao,tid#qixinglibao_introduce,,,,baiyijianshen,baiyijianshen,588,,1088,1005,1,743,,,1,,0,,,ex2080,,,,,,,,,,,,,,,,,,
602084,tool,gift,tid#zhuanshuchengzhanglibao,tid#zhuanshuchengzhanglibao,tid#zhuanshuchengzhanglibao_introduce,1,,,VIPlibao,,,,,1006,1,744,,,,,0,,,ex2081,,,,,,,,,,,,,,,,,,
602085,tool,gift,tid#wushangzhenqilibao,tid#wushangzhenqilibao,tid#wushangzhenqilibao_introduce,19,,,baiyijianshen,baiyijianshen,2188,,3888,1007,1,745,,,1,,0,,,ex2085,,,,,,,,,,,,,,,,,,
602086,tool,xuanshedan1,tid#xuanshedan1,tid#xuanshedan1,tid#xuanshedan1_introduce,1,,,xuanshedan1,,,,,1008,1,746,,,,,0,gongli,10,,,,,,,,,,,,,,,,,,,
602087,tool,xuanshedan2,tid#xuanshedan2,tid#xuanshedan2,tid#xuanshedan2_introduce,1,,,xuanshedan2,,,,,1009,1,747,,,,,0,gongli,100,,,,,,,,,,,,,,,,,,,
602088,tool,xuanshedan3,tid#xuanshedan3,tid#xuanshedan3,tid#xuanshedan3_introduce,1,,,xuanshedan3,,,,,1010,1,748,,,,,0,gongli,1000,,,,,,,,,,,,,,,,,,,
602089,tool,yuhandan,tid#yuhandan,tid#yuhandan,tid#yuhandan_introduce,1,,,yuhandan,,,,,1011,1,305,,,,,0,,,,,,,,,,,,,,,,,,,,,
602090,tool,yufengmi,tid#yufengmi,tid#yufengmi,tid#yufengmi_introduce,1,,,yufengmi,,,,,1012,1,306,,,,,0,,,,,,,,,,,,,,,,,,,,,
602091,tool,gift,tid#wulintaidoulibao,tid#wulintaidoulibao,tid#wulintaidoulibao_introduce,1,,,baiyijianshen,,1088,,2088,1013,1,749,,,1,,0,,,ex2091,,,,,,,,,,,,,,,,,,
602092,tool,tianwaiyuntie,tid#tianwaiyuntie,tid#tianwaiyuntie,tid#tianwaiyuntie_introduce,1,,,tianwaiyuntie,,,,,1020,1,1001,,,,,0,,,,,,,,,,,,,,,,,,,,,
602093,tool,shaolinbox,tid#sancaitanxianghe,tid#sancaitanxianghe,tid#sancaitanxianghe_introduce,1,,,sancaitanxianghe,,,,,210,1,750,,,,,0,,,,,,,,,,,,,,,,,,5000,1,1,
602094,tool,lianmengrename,tid#lianmenggengmingling,tid#lianmenggengmingling,tid#lianmenggengmingling_introduce,,,,lianmenggengmingling,,,,,1021,1,1021,,,,,,,,,,,,,,,,,,,,,,,,,,
602095,tool,gift,tid#vip1libao1,tid#vip1libao1,tid#vip1libao1_introduce,1,,,VIPlibao,,1,,60,1022,1,1022,1,life,1,0,0,,,ex2095,,,,,,,,,,,,,,,,,,
602096,tool,gift,tid#vip2libao1,tid#vip2libao1,tid#vip2libao1_introduce,1,,,VIPlibao,,1,,90,1023,1,1023,2,life,1,0,0,,,ex2096,,,,,,,,,,,,,,,,,,
602097,tool,gift,tid#vip3libao1,tid#vip3libao1,tid#vip3libao1_introduce,1,,,VIPlibao,,1,,150,1024,1,1024,3,life,1,0,0,,,ex2097,,,,,,,,,,,,,,,,,,
602098,tool,gift,tid#vip4libao1,tid#vip4libao1,tid#vip4libao1_introduce,1,,,VIPlibao,,1,,1200,1025,1,1025,4,life,1,0,0,,,ex2098,,,,,,,,,,,,,,,,,,
602099,tool,gift,tid#vip5libao1,tid#vip5libao1,tid#vip5libao1_introduce,1,,,VIPlibao,,1,,2248,1026,1,1026,5,life,1,0,0,,,ex2099,,,,,,,,,,,,,,,,,,
602100,tool,gift,tid#vip6libao1,tid#vip6libao1,tid#vip6libao1_introduce,1,,,VIPlibao,,1,,3660,1027,1,1027,6,life,1,0,0,,,ex2100,,,,,,,,,,,,,,,,,,
602101,tool,gift,tid#vip7libao1,tid#vip7libao1,tid#vip7libao1_introduce,1,,,VIPlibao,,1,,4560,1028,1,1028,7,life,1,0,0,,,ex2101,,,,,,,,,,,,,,,,,,
602102,tool,gift,tid#vip8libao1,tid#vip8libao1,tid#vip8libao1_introduce,1,,,VIPlibao,,1,,5680,1029,1,1029,8,life,1,0,0,,,ex2102,,,,,,,,,,,,,,,,,,
602103,tool,gift,tid#vip9libao1,tid#vip9libao1,tid#vip9libao1_introduce,1,,,VIPlibao,,1,,29880,1030,1,1030,9,life,1,0,0,,,ex2103,,,,,,,,,,,,,,,,,,
602104,tool,gift,tid#vip10libao1,tid#vip10libao1,tid#vip10libao1_introduce,1,,,VIPlibao,,1,,43660,1031,1,1031,10,life,1,0,0,,,ex2104,,,,,,,,,,,,,,,,,,
602111,tool,randombox,tid#tanhuabaohe,tid#tanhuabaohe,tid#tanhuabaohe_introduce,1,,,,,80,,,1032,1,1032,,,,,0,,,,"randomt1,3000;randomt2,900;randomt3,11000;randomt4,20000;randomt5,15000",,,,,,,,,,,,,,,,,
602112,tool,randombox,tid#shengdandalibao,tid#shengdandalibao,tid#shengdandalibao_introduce,1,1366819200,1366991999,shengdanlibao,,80,,,1033,1,1033,,,,,0,,,,"randomt1,3000;randomt2,900;randomt3,5000;randomt4,20000;randomt5,15000",,,,,,,,,,,,,,,,,圣诞大礼包，内藏有葵花宝典、北冥神功、易筋经、九阴真经等绝世武学，开启时更有机会引发天地剧变拜得郭襄魂魄噢，限时 天购买，欲购从速！
602113,tool,randombox,tid#shenlongjiaobaohe,tid#shenlongjiaobaohe,tid#shenlongjiaobaohe_introduce,1,,,shenlongjiaobaohe,,80,,,1034,1,1034,,,,,0,,,,"randomt1,3000;randomt2,900;randomt3,9000;randomt4,20000;randomt5,15000",,,,,,,,,,,,,,,,,神龙教宝盒，内藏有纯阳无极功、易筋经、九阴真经等绝世武学，开启时更有机会引发天地剧变拜得独孤求败魂魄噢，限时团购，欲购从速！
602114,tool,randombox,tid#shenmifudai,tid#shenmifudai,tid#shenmifudai_introduce,1,,,shenmifudai,,,,,1035,1,1035,,,,,0,,,shenmifudai_ex,,,,,,,,,,,,,,,,,,神秘福袋，内藏乙级武器衣服、丙级饰品、天外陨铁、金叶子、培养丹、武功和精炼材料
602115,tool,gift,,,,1,,,VIPlibao,,,,,1036,1,1036,,,,,0,,,ex2115,,,,,,,,,,,,,,,,,,
602116,tool,gift,tid#chongzhulibao,tid#chongzhulibao,tid#chongzhulibao_introduce,1,,,chongzhulibao,,588,,1088,1037,1,1037,,,,,0,,,ex2116,,,,,,,,,,,,,,,,,,
602117,tool,gift,tid#chongzhulibao,tid#chongzhulibao,tid#chongzhulibao_introduce,1,,,chongzhulibao,,588,,1088,1037,1,1037,,,,,0,,,ex2117,,,,,,,,,,,,,,,,,,
602118,tool,gift,tid#chongzhulibao,tid#chongzhulibao,tid#chongzhulibao_introduce,1,,,chongzhulibao,,588,,1088,1037,1,1037,,,,,0,,,ex2118,,,,,,,,,,,,,,,,,,
602119,tool,gift,tid#labalibao,tid#labalibao,tid#labalibao_introduce,1,,,VIPlibao,,1888,,2688,1038,1,1038,,,,,0,,,ex2119,,,,,,,,,,,,,,,,,,
602120,tool,gift,tid#labalibao,tid#labalibao,tid#labalibao_introduce,1,,,VIPlibao,,1888,,2688,1038,1,1038,,,,,0,,,ex2120,,,,,,,,,,,,,,,,,,
602121,tool,gift,tid#labalibao,tid#labalibao,tid#labalibao_introduce,1,,,VIPlibao,,1888,,2688,1038,1,1038,,,,,0,,,ex2121,,,,,,,,,,,,,,,,,,
602122,tool,qixingfu,tid#qixingfu,tid#qixingfu,tid#qixingfu_introduce,15,,,qixingfu,qixingfu,,,,,1,309,,,,,0,,,,,,,,,,,,,,,,,,,,,
602128,tool,randombox,,,,1,,,manianfudai,,,,,1044,1,1044,,,,,0,,,manianfudai_ex,,,,,,,,,,,,,,,,,,马年福袋
602129,tool,bianpaofu,,,,1,,,bianpaofu,,,,,109,1,109,,,,,0,energy,3,,,,,,,,,,,,,,,,,,,
602130,tool,bianpaolu,,,,1,,,bianpaolu,,,,,110,1,110,,,,,0,stamina,3,,,,,,,,,,,,,,,,,,,
602131,tool,bianpaoshou,,,,1,,,bianpaoshou,,,,,111,1,111,,,,,0,gongli,5,,,,,,,,,,,,,,,,,,,
602132,tool,randombox,,,,1,,,chunjielihe,,100,,,1045,1,1045,,,,,0,,,,"randomt1,3000;randomt2,700;randomt3,2000;randomt4,20000;randomt5,15000",,,,,,,,,,,,,,,,,春节礼盒
,,,,,,,,,,,,,,,,,,,,,,,,,,,,,,,,,,,,,,,,,,
601052,tool,siguoya,tid#biguanjuanzhou,tid#biguanjuanzhou,tid#biguanjuanzhou_introduce,1,,,,,,,,150,1,307,,,,,0,,,,,,,,,,,,,,,,,,,,,进入思过崖修炼的必要物品，修炼后可以让弟子的天赋武功发挥出更强大的威力。
601053,tool,material_attack,tid#yijijingtie,tid#yijijingtie,tid#yijijingtie_introduce,1,,,,,,,,150,0,14,,,,,0,,,,,,,,,,,,,,,,,2,,,,精炼武器时使用的物品，可以提升2点精炼值
601054,tool,material_attack,tid#erjijingtie,tid#erjijingtie,tid#erjijingtie_introduce,1,,,,,,,,150,0,15,,,,,0,,,,,,,,,,,,,,,,,5,,,,精炼武器时使用的物品，可以提升5点精炼值
601055,tool,material_attack,tid#sanjijingtie,tid#sanjijingtie,tid#sanjijingtie_introduce,1,,,,,,,,150,0,16,,,,,0,,,,,,,,,,,,,,,,,10,,,,精炼武器时使用的物品，可以提升10点精炼值
601056,tool,material_attack,tid#sijijingtie,tid#sijijingtie,tid#sijijingtie_introduce,1,,,,,,,,150,0,17,,,,,0,,,,,,,,,,,,,,,,,20,,,,精炼武器时使用的物品，可以提升20点精炼值
601057,tool,material_attack,tid#wujijingtie,tid#wujijingtie,tid#wujijingtie_introduce,1,,,,,,,,150,0,18,,,,,0,,,,,,,,,,,,,,,,,40,,,,精炼武器时使用的物品，可以提升40点精炼值
601058,tool,material_attack,tid#liujijingtie,tid#liujijingtie,tid#liujijingtie_introduce,1,,,,,,,,150,0,19,,,,,0,,,,,,,,,,,,,,,,,80,,,,精炼武器时使用的物品，可以提升80点精炼值
601059,tool,material_attack,tid#qijijingtie,tid#qijijingtie,tid#qijijingtie_introduce,1,,,,,,,,150,0,20,,,,,0,,,,,,,,,,,,,,,,,160,,,,精炼武器时使用的物品，可以提升160点精炼值
601060,tool,material_attack,tid#bajijingtie,tid#bajijingtie,tid#bajijingtie_introduce,1,,,,,,,,150,0,21,,,,,0,,,,,,,,,,,,,,,,,320,,,,精炼武器时使用的物品，可以提升320点精炼值
601061,tool,material_attack,tid#jiujijingtie,tid#jiujijingtie,tid#jiujijingtie_introduce,1,,,,,,,,150,0,22,,,,,0,,,,,,,,,,,,,,,,,640,,,,精炼武器时使用的物品，可以提升640点精炼值
601062,tool,material_defense,tid#yijimiansi,tid#yijimiansi,tid#yijimiansi_introduce,1,,,,,,,,150,0,23,,,,,0,,,,,,,,,,,,,,,,,2,,,,精炼服装时使用的物品，可以提升2点精炼值
601063,tool,material_defense,tid#erjimiansi,tid#erjimiansi,tid#erjimiansi_introduce,1,,,,,,,,150,0,24,,,,,0,,,,,,,,,,,,,,,,,5,,,,精炼服装时使用的物品，可以提升5点精炼值
601064,tool,material_defense,tid#sanjimiansi,tid#sanjimiansi,tid#sanjimiansi_introduce,1,,,,,,,,150,0,25,,,,,0,,,,,,,,,,,,,,,,,10,,,,精炼服装时使用的物品，可以提升10点精炼值
601065,tool,material_defense,tid#sijimiansi,tid#sijimiansi,tid#sijimiansi_introduce,1,,,,,,,,150,0,26,,,,,0,,,,,,,,,,,,,,,,,20,,,,精炼服装时使用的物品，可以提升20点精炼值
601066,tool,material_defense,tid#wujimiansi,tid#wujimiansi,tid#wujimiansi_introduce,1,,,,,,,,150,0,27,,,,,0,,,,,,,,,,,,,,,,,40,,,,精炼服装时使用的物品，可以提升40点精炼值
601067,tool,material_defense,tid#liujimiansi,tid#liujimiansi,tid#liujimiansi_introduce,1,,,,,,,,150,0,28,,,,,0,,,,,,,,,,,,,,,,,80,,,,精炼服装时使用的物品，可以提升80点精炼值
601068,tool,material_defense,tid#qijimiansi,tid#qijimiansi,tid#qijimiansi_introduce,1,,,,,,,,150,0,29,,,,,0,,,,,,,,,,,,,,,,,160,,,,精炼服装时使用的物品，可以提升160点精炼值
601069,tool,material_defense,tid#bajimiansi,tid#bajimiansi,tid#bajimiansi_introduce,1,,,,,,,,150,0,30,,,,,0,,,,,,,,,,,,,,,,,320,,,,精炼服装时使用的物品，可以提升320点精炼值
601070,tool,material_defense,tid#jiujimiansi,tid#jiujimiansi,tid#jiujimiansi_introduce,1,,,,,,,,150,0,31,,,,,0,,,,,,,,,,,,,,,,,640,,,,精炼服装时使用的物品，可以提升640点精炼值
601071,tool,material_decorate,tid#yijiyunshi,tid#yijiyunshi,tid#yijiyunshi_introduce,1,,,,,,,,150,0,32,,,,,0,,,,,,,,,,,,,,,,,2,,,,精炼饰品时使用的物品，可以提升2点精炼值
601072,tool,material_decorate,tid#erjiyunshi,tid#erjiyunshi,tid#erjiyunshi_introduce,1,,,,,,,,150,0,33,,,,,0,,,,,,,,,,,,,,,,,5,,,,精炼饰品时使用的物品，可以提升5点精炼值
601073,tool,material_decorate,tid#sanjiyunshi,tid#sanjiyunshi,tid#sanjiyunshi_introduce,1,,,,,,,,150,0,34,,,,,0,,,,,,,,,,,,,,,,,10,,,,精炼饰品时使用的物品，可以提升10点精炼值
601074,tool,material_decorate,tid#sijiyunshi,tid#sijiyunshi,tid#sijiyunshi_introduce,1,,,,,,,,150,0,35,,,,,0,,,,,,,,,,,,,,,,,20,,,,精炼饰品时使用的物品，可以提升20点精炼值
601075,tool,material_decorate,tid#wujiyunshi,tid#wujiyunshi,tid#wujiyunshi_introduce,1,,,,,,,,150,0,36,,,,,0,,,,,,,,,,,,,,,,,40,,,,精炼饰品时使用的物品，可以提升40点精炼值
601076,tool,material_decorate,tid#liujiyunshi,tid#liujiyunshi,tid#liujiyunshi_introduce,1,,,,,,,,150,0,37,,,,,0,,,,,,,,,,,,,,,,,80,,,,精炼饰品时使用的物品，可以提升80点精炼值
601077,tool,material_decorate,tid#qijiyunshi,tid#qijiyunshi,tid#qijiyunshi_introduce,1,,,,,,,,150,0,38,,,,,0,,,,,,,,,,,,,,,,,160,,,,精炼饰品时使用的物品，可以提升160点精炼值
601078,tool,material_decorate,tid#bajiyunshi,tid#bajiyunshi,tid#bajiyunshi_introduce,1,,,,,,,,150,0,39,,,,,0,,,,,,,,,,,,,,,,,320,,,,精炼饰品时使用的物品，可以提升320点精炼值
601079,tool,material_decorate,tid#jiujiyunshi,tid#jiujiyunshi,tid#jiujiyunshi_introduce,1,,,,,,,,150,0,40,,,,,0,,,,,,,,,,,,,,,,,640,,,,精炼饰品时使用的物品，可以提升640点精炼值
601080,tool,wish,tid#longzhutaozhuang,tid#longzhutaozhuang,tid#longzhutaozhuang_introduce,1,,,,,,,,140,1,308,,,,,0,,,,,,,,,,,,,,,,,,,,,龙珠套装
601081,tool,wugongbag,tid#lvl1shenmiwugong,tid#lvl1shenmiwugong,tid#lvl1shenmiwugong_introduce,1,,,,,,,,161,1,41,,,,,0,,,wugong_ex1,,,,,,,,,,,,,,,,,,开启后可以获得一个一级武功
601082,tool,wugongbag,tid#lvl2shenmiwugong,tid#lvl2shenmiwugong,tid#lvl2shenmiwugong_introduce,1,,,,,,,,162,1,751,,,,,0,,,wugong_ex2,,,,,,,,,,,,,,,,,,开启后可以获得一个二级武功
601083,tool,wugongbag,tid#lvl3shenmiwugong,tid#lvl3shenmiwugong,tid#lvl3shenmiwugong_introduce,1,,,,,,,,163,1,752,,,,,0,,,wugong_ex3,,,,,,,,,,,,,,,,,,开启后可以获得一个三级武功
601084,tool,wugongbag,tid#lvl4shenmiwugong,tid#lvl4shenmiwugong,tid#lvl4shenmiwugong_introduce,1,,,,,,,,164,1,753,,,,,0,,,wugong_ex4,,,,,,,,,,,,,,,,,,开启后可以获得一个四级武功
601085,tool,wugongbag,tid#lvl5shenmiwugong,tid#lvl5shenmiwugong,tid#lvl5shenmiwugong_introduce,1,,,,,,,,165,1,754,,,,,0,,,wugong_ex5,,,,,,,,,,,,,,,,,,开启后可以获得一个五级武功
601086,tool,wugongbag,tid#lvl6shenmiwugong,tid#lvl6shenmiwugong,tid#lvl6shenmiwugong_introduce,1,,,,,,,,166,1,755,,,,,0,,,wugong_ex6,,,,,,,,,,,,,,,,,,开启后可以获得一个六级武功
601087,tool,wugongbag,tid#lvl7shenmiwugong,tid#lvl7shenmiwugong,tid#lvl7shenmiwugong_introduce,1,,,,,,,,167,1,756,,,,,0,,,wugong_ex7,,,,,,,,,,,,,,,,,,开启后可以获得一个七级武功
601088,tool,wugongbag,tid#lvl8shenmiwugong,tid#lvl8shenmiwugong,tid#lvl8shenmiwugong_introduce,1,,,,,,,,168,1,757,,,,,0,,,wugong_ex8,,,,,,,,,,,,,,,,,,开启后可以获得一个八级武功
601089,tool,wugongbag,tid#lvl9shenmiwugong,tid#lvl9shenmiwugong,tid#lvl9shenmiwugong_introduce,1,,,,,,,,169,1,758,,,,,0,,,wugong_ex9,,,,,,,,,,,,,,,,,,开启后可以获得一个九级武功
601090,tool,jinglianbag,tid#lvl1jinglianbao,tid#lvl1jinglianbao,tid#lvl1jinglianbao_introduce,1,,,,,,,,170,1,42,,,,,0,,,material_ex1,,,,,,,,,,,,,,,,,,开启后可以获得一个一级精炼材料
601091,tool,jinglianbag,tid#lvl2jinglianbao,tid#lvl2jinglianbao,tid#lvl2jinglianbao_introduce,1,,,,,,,,171,1,43,,,,,0,,,material_ex2,,,,,,,,,,,,,,,,,,开启后可以获得一个二级精炼材料
601092,tool,jinglianbag,tid#lvl3jinglianbao,tid#lvl3jinglianbao,tid#lvl3jinglianbao_introduce,1,,,,,,,,172,1,44,,,,,0,,,material_ex3,,,,,,,,,,,,,,,,,,开启后可以获得一个三级精炼材料
601093,tool,jinglianbag,tid#lvl4jinglianbao,tid#lvl4jinglianbao,tid#lvl4jinglianbao_introduce,1,,,,,,,,173,1,45,,,,,0,,,material_ex4,,,,,,,,,,,,,,,,,,开启后可以获得一个四级精炼材料
601094,tool,jinglianbag,tid#lvl5jinglianbao,tid#lvl5jinglianbao,tid#lvl5jinglianbao_introduce,1,,,,,,,,174,1,46,,,,,0,,,material_ex5,,,,,,,,,,,,,,,,,,开启后可以获得一个五级精炼材料
601095,tool,jinglianbag,tid#lvl6jinglianbao,tid#lvl6jinglianbao,tid#lvl6jinglianbao_introduce,1,,,,,,,,175,1,47,,,,,0,,,material_ex6,,,,,,,,,,,,,,,,,,开启后可以获得一个六级精炼材料
601096,tool,jinglianbag,tid#lvl7jinglianbao,tid#lvl7jinglianbao,tid#lvl7jinglianbao_introduce,1,,,,,,,,176,1,48,,,,,0,,,material_ex7,,,,,,,,,,,,,,,,,,开启后可以获得一个七级精炼材料
601097,tool,jinglianbag,tid#lvl8jinglianbao,tid#lvl8jinglianbao,tid#lvl8jinglianbao_introduce,1,,,,,,,,177,1,49,,,,,0,,,material_ex8,,,,,,,,,,,,,,,,,,开启后可以获得一个八级精炼材料
601098,tool,jinglianbag,tid#lvl9jinglianbao,tid#lvl9jinglianbao,tid#lvl9jinglianbao_introduce,1,,,,,,,,178,1,50,,,,,0,,,material_ex9,,,,,,,,,,,,,,,,,,开启后可以获得一个九级精炼材料
601099,tool,,tid#zhuroujiaozi,tid#zhuroujiaozi,tid#zhuroujiaozi_introduce,1,,,,,30,,,179,1,7,,,,,0,stamina,3,,,,,,,,,,,,,,,,,,,
601100,tool,,tid#jiucaijiaozi,tid#jiucaijiaozi,tid#jiucaijiaozi_introduce,1,,,,,30,,,180,1,8,,,,,0,energy,3,,,,,,,,,,,,,,,,,,,
601101,tool,zhenyuan,tid#zhenyuan,tid#zhenyuan,tid#zhenyuan_introduce,1,,,zhenyuan,,,,,,,,,,,,0,,,,,,,,,,,,,,,,,,,,,真元
601102,tool,,tid#yuanxiao,tid#yuanxiao,tid#yuanxiao_introduce,1,,,,,30,,,179,1,9,,,,,0,stamina,2,,,,,,,,,,,,,,,,,,,
601103,tool,,tid#wangyoucao,tid#wangyoucao,tid#wangyoucao_introduce,1,,,wangyoucao,wangyoucao,30,,,179,1,5,,,,,0,stamina,2,,,,,,,,,,,,,,,,,,,
601104,tool,,tid#xuancaohua,tid#xuancaohua,tid#xuancaohua_introduce,1,,,xuancaohua,xuancaohua,30,,,180,1,6,,,,,0,energy,2,,,,,,,,,,,,,,,,,,,
601105,tool,,tid#chahua,tid#chahua,tid#chahua_introduce,1,,,chahua,chahua,30,,,180,1,763,,,,,0,,,,,,,,,,,,,,,,,,,,,
601106,tool,heimuling,tid#heimuling,tid#heimuling,tid#heimuling_introduce,15,,,heimuling,heimuling,30,,,180,0,764,,,,,0,,,,,,,,,,,,,,,,,,,,,
601107,tool,heimubaoxia,tid#heimubaoxia,tid#heimubaoxia,tid#heimubaoxia_introduce,15,,,heimubaoxiang,heimubaoxiang,30,,,180,1,765,,,,,0,,,ex1107,,,,,,,,,,,,,,,,,,
601108,tool,ruijinling,tid#ruijinling,tid#ruijinling,tid#ruijinling_introduce,1,,,,,30,,,,0,104,,,,,0,,,,,,,,,,,,,,,,,,,,,
601109,tool,jumuling,tid#jumuling,tid#jumuling,tid#jumuling_introduce,1,,,,,30,,,,0,105,,,,,0,,,,,,,,,,,,,,,,,,,,,
601110,tool,hongshuiling,tid#hongshuiling,tid#hongshuiling,tid#hongshuiling_introduce,1,,,,,30,,,,0,106,,,,,0,,,,,,,,,,,,,,,,,,,,,
601111,tool,liehuoling,tid#liehuoling,tid#liehuoling,tid#liehuoling_introduce,1,,,,,30,,,,0,107,,,,,0,,,,,,,,,,,,,,,,,,,,,
601112,tool,houtuling,tid#houtuling,tid#houtuling,tid#houtuling_introduce,1,,,,,30,,,,0,108,,,,,0,,,,,,,,,,,,,,,,,,,,,
601113,tool,jiazhuangbag,tid#feiqi,tid#jiazhuangbag,,1,,,,,,,,180,1,765,,,,,0,,,jiazhuangbag_ex,,,,,,,,,,,,,,,,,,
601114,tool,yizhuangbag,tid#feiqi,tid#yizhuangbag,,1,,,,,,,,180,1,766,,,,,0,,,yizhuangbag_ex,,,,,,,,,,,,,,,,,,
601115,tool,xuyuanbaodielibao,tid#feiqi,tid#xuyuanbaodielibao,,1,,,,,,,,180,1,767,,,,,,,,xuyuanbaodie_ex,,,,,,,,,,,,,,,,,,
601116,tool,peiyangdanlibao,tid#feiqi,tid#peiyangdanlibao,,1,,,,,,,,180,1,768,,,,,,,,peiyangdan_ex1,,,,,,,,,,,,,,,,,,
601117,tool,yinlianglibao,tid#feiqi,tid#yinlianglibao,,1,,,,,,,,180,1,769,,,,,,,,yinlianglibao_ex1,,,,,,,,,,,,,,,,,,
601118,tool,peiyangdanlibao1,tid#feiqi,tid#peiyangdanlibao1,,1,,,,,,,,180,1,770,,,,,,,,peiyangdan_ex2,,,,,,,,,,,,,,,,,,
601119,tool,yinlianglibao1,tid#feiqi,tid#yinlianglibao1,,1,,,,,,,,180,1,771,,,,,,,,yinlianglibao_ex2,,,,,,,,,,,,,,,,,,
601120,tool,xuyuanbaodielibao1,tid#feiqi,,,1,,,,,,,,180,1,772,,,,,,,,xuyuanbaodie_ex2,,,,,,,,,,,,,,,,,,
601121,tool,yuanbaolibao,tid#feiqi,,,1,,,,,,,,180,1,773,,,,,,,,yuanbaolibao_ex,,,,,,,,,,,,,,,,,,
601122,tool,wish,tid#feiqi,tid#xuyuanjindie,tid#xuyuanjindie_introduce,1,,,xuyuanjindie,,200,,,140,1,1002,,,,,0,,,,,,,,,,,,,,,,,,,,,许愿金牒
601123,tool,xiandoulibao,tid#feiqi,tid#xiandou,,1,,,,,,,,180,1,769,,,,,,,,xiandoulibao_ex,,,,,,,,,,,,,,,,,,
,,,,,,,,,,,,,,,,,,,,,,,,,,,,,,,,,,,,,,,,,,
602501,tool,jiaofeilixiang,tid#jishalixiang,tid#jishalixiang,tid#jishalixiang_introduce,1,,,jishalixiang,jishalixiang,,,,999,1,774,,,,,0,,,ex2501,,,,,,,,,,,,,,,,,,
602502,tool,jiaofeilixiang,tid#lianmenglixiang1,tid#lianmenglixiang1,tid#lianmenglixiang1_introduce,1,,,lianmenglixiang,lianmenglixiang,,,,999,1,775,,,,,0,,,ex2502,,,,,,,,,,,,,,,,,,
602503,tool,jiaofeilixiang,tid#lianmenglixiang2,tid#lianmenglixiang2,tid#lianmenglixiang2_introduce,1,,,lianmenglixiang,lianmenglixiang,,,,999,1,776,,,,,0,,,ex2503,,,,,,,,,,,,,,,,,,
602504,tool,jiaofeilixiang,tid#lianmenglixiang3,tid#lianmenglixiang3,tid#lianmenglixiang3_introduce,1,,,lianmenglixiang,lianmenglixiang,,,,999,1,777,,,,,0,,,ex2504,,,,,,,,,,,,,,,,,,
602505,tool,jiaofeilixiang,tid#lianmenglixiang4,tid#lianmenglixiang4,tid#lianmenglixiang4_introduce,1,,,lianmenglixiang,lianmenglixiang,,,,999,1,778,,,,,0,,,ex2505,,,,,,,,,,,,,,,,,,
602506,tool,jiaofeilixiang,tid#lianmenglixiang5,tid#lianmenglixiang5,tid#lianmenglixiang5_introduce,1,,,lianmenglixiang,lianmenglixiang,,,,999,1,779,,,,,0,,,ex2506,,,,,,,,,,,,,,,,,,
602507,tool,jiaofeilixiang,tid#menpailixiang1,tid#menpailixiang1,tid#menpailixiang1_introduce,1,,,menpailixiang,menpailixiang,,,,999,1,780,,,,,0,,,ex2507,,,,,,,,,,,,,,,,,,
602508,tool,jiaofeilixiang,tid#menpailixiang2,tid#menpailixiang2,tid#menpailixiang2_introduce,1,,,menpailixiang,menpailixiang,,,,999,1,781,,,,,0,,,ex2508,,,,,,,,,,,,,,,,,,
602509,tool,jiaofeilixiang,tid#menpailixiang3,tid#menpailixiang3,tid#menpailixiang3_introduce,1,,,menpailixiang,menpailixiang,,,,999,1,782,,,,,0,,,ex2509,,,,,,,,,,,,,,,,,,
602510,tool,jiaofeilixiang,tid#menpailixiang4,tid#menpailixiang4,tid#menpailixiang4_introduce,1,,,menpailixiang,menpailixiang,,,,999,1,783,,,,,0,,,ex2510,,,,,,,,,,,,,,,,,,
602511,tool,jiaofeilixiang,tid#menpailixiang5,tid#menpailixiang5,tid#menpailixiang5_introduce,1,,,menpailixiang,menpailixiang,,,,999,1,784,,,,,0,,,ex2511,,,,,,,,,,,,,,,,,,
602512,tool,jiaofeilixiang,tid#menpailixiang6,tid#menpailixiang6,tid#menpailixiang6_introduce,1,,,menpailixiang,menpailixiang,,,,999,1,785,,,,,0,,,ex2512,,,,,,,,,,,,,,,,,,
602513,tool,jiaofeilixiang,tid#menpailixiang7,tid#menpailixiang7,tid#menpailixiang7_introduce,1,,,menpailixiang,menpailixiang,,,,999,1,786,,,,,0,,,ex2513,,,,,,,,,,,,,,,,,,
602514,tool,jiaofeilixiang,tid#menpailixiang8,tid#menpailixiang8,tid#menpailixiang8_introduce,1,,,menpailixiang,menpailixiang,,,,999,1,787,,,,,0,,,ex2514,,,,,,,,,,,,,,,,,,
602515,tool,jiaofeilixiang,tid#menpailixiang9,tid#menpailixiang9,tid#menpailixiang9_introduce,1,,,menpailixiang,menpailixiang,,,,999,1,788,,,,,0,,,ex2515,,,,,,,,,,,,,,,,,,
602516,tool,jiaofeilixiang,tid#menpailixiang10,tid#menpailixiang10,tid#menpailixiang10_introduce,1,,,menpailixiang,menpailixiang,,,,999,1,789,,,,,0,,,ex2516,,,,,,,,,,,,,,,,,,
602517,tool,gift,tid#jiaofeibaoxiang,tid#jiaofeibaoxiang,tid#jiaofeibaoxiang_introduce,1,,,jiaofeilixiang,jiaofeilixiang,,,,999,1,790,,,,,0,,,ex2517,,,,,,,,,,,,,,,,,,
,,,,,,,,,,,,,,,,,,,,,,,,,,,,,,,,,,,,,,,,,,
,,,,,,,,,,,,,,,,,,,,,,,,,,,,,,,,,,,,,,,,,,
603001,tool,,tid#yijihechengfu,tid#yijihechengfu,tid#yijihechengfu_introduce,1,,,yijihechengfu,yijihechengfu,,,,50,1,791,,,,,0,,,,,,,,,,,,,,,,,,,,,
603002,tool,,tid#erjihechengfu,tid#erjihechengfu,tid#erjihechengfu_introduce,1,,,erjihechengfu,erjihechengfu,,,,51,1,792,,,,,0,,,,,,,,,,,,,,,,,,,,,
603003,tool,,tid#sanjihechengfu,tid#sanjihechengfu,tid#sanjihechengfu_introduce,1,,,sanjihechengfu,sanjihechengfu,,,,52,1,793,,,,,0,,,,,,,,,,,,,,,,,,,,,
603004,tool,,tid#sijihechengfu,tid#sijihechengfu,tid#sijihechengfu_introduce,1,,,sijihechengfu,sijihechengfu,,,,53,1,794,,,,,0,,,,,,,,,,,,,,,,,,,,,
603005,tool,,tid#wujihechengfu,tid#wujihechengfu,tid#wujihechengfu_introduce,1,,,wujihechengfu,wujihechengfu,,,,54,1,795,,,,,0,,,,,,,,,,,,,,,,,,,,,
603006,tool,,tid#liujihechengfu,tid#liujihechengfu,tid#liujihechengfu_introduce,1,,,liujihechengfu,liujihechengfu,,,,55,1,796,,,,,0,,,,,,,,,,,,,,,,,,,,,
603007,tool,,tid#qijihechengfu,tid#qijihechengfu,tid#qijihechengfu_introduce,1,,,qijihechengfu,qijihechengfu,,,,56,1,797,,,,,0,,,,,,,,,,,,,,,,,,,,,
603008,tool,,tid#bajihechengfu,tid#bajihechengfu,tid#bajihechengfu_introduce,1,,,bajihechengfu,bajihechengfu,,,,57,1,798,,,,,0,,,,,,,,,,,,,,,,,,,,,
603009,tool,,tid#jiujihechengfu,tid#jiujihechengfu,tid#jiujihechengfu_introduce,1,,,jiujihechengfu,jiujihechengfu,,,,58,1,799,,,,,0,,,,,,,,,,,,,,,,,,,,,
603010,tool,,tid#shijihechengfu,tid#shijihechengfu,tid#shijihechengfu_introduce,1,,,shijihechengfu,shijihechengfu,,,,59,1,800,,,,,0,,,,,,,,,,,,,,,,,,,,,
603011,tool,,tid#shiyijihechengfu,tid#shiyijihechengfu,tid#shiyijihechengfu_introduce,1,,,shiyijihechengfu,shiyijihechengfu,,,,60,1,801,,,,,0,,,,,,,,,,,,,,,,,,,,,
604001,tool,,tid#gumulingpai,tid#gumulingpai,tid#gumulingpai_introduce,1,,,gumulingpai,gumulingpai,,,,61,1,802,,,,,0,,,,,,,,,,,,,,,,,,,,,
605004,tool,,tid#4jiyushidai,tid#4jiyushidai,tid#4jiyushidai_introduce,1,,,4jiyushidai,4jiyushidai,,,,63,1,803,,,,,0,,,,,,,,,,,,,,,,,,,,,
605005,tool,,tid#5jiyushidai,tid#5jiyushidai,tid#5jiyushidai_introduce,1,,,5jiyushidai,5jiyushidai,,,,64,1,804,,,,,0,,,,,,,,,,,,,,,,,,,,,
605006,tool,,tid#6jiyushidai,tid#6jiyushidai,tid#6jiyushidai_introduce,1,,,6jiyushidai,5jiyushidai,,,,65,1,805,,,,,0,,,,,,,,,,,,,,,,,,,,,
,,,,,,,,,,,,,,,,,,,,,,,,,,,,,,,,,,,,,,,,,,
,,,,,,,,,,,,,,,,,,,,,,,,,,,,,,,,,,,,,,,,,,
,,,,,,,,,,,,,,,,,,,,,,,,,,,,,,,,,,,,,,,,,,
,,,,,,,,,,,,,,,,,,,,,,,,,,,,,,,,,,,,,,,,,,
606001,tool,zijinbaoxia,,tid#zijinbaoxia,tid#zijinbaoxia_introduce,1,,,zijinbaoxia,zijinbaoxia,,,,66,1,806,,,,,0,,,ex2601,,,,,,,,,,,,,,,,,,
606002,tool,tianbangbaoxia,,tid#tianbangbaoxia,tid#tianbangbaoxia_introduce,1,,,tianbangbaoxia,tianbangbaoxia,,,,67,1,807,,,,,0,,,ex2602,,,,,,,,,,,,,,,,,,
606003,tool,dibangbaoxia,,tid#dibangbaoxia,tid#dibangbaoxia_introduce,1,,,dibangbaoxia,dibangbaoxia,,,,68,1,808,,,,,0,,,ex2603,,,,,,,,,,,,,,,,,,
,,,,,,,,,,,,,,,,,,,,,,,,,,,,,,,,,,,,,,,,,,
607001,tool,material_recast,tid#lianxingtie,tid#lianxingtie,tid#lianxingtie_introduce,1,,,lianxingtie,lianxingtie,,,,69,1,809,,,,,0,,,,,,,,,,,,,,,,,,,,,
607002,tool,material_recast,tid#duanyigang,tid#duanyigang,tid#duanyigang_introduce,1,,,duanyigang,duanyigang,,,,70,1,810,,,,,0,,,,,,,,,,,,,,,,,,,,,
607003,tool,material_recast,tid#cuijingjin,tid#cuijingjin,tid#cuijingjin_introduce,1,,,cuijingjin,cuijingjin,,,,71,1,811,,,,,0,,,,,,,,,,,,,,,,,,,,,
607004,tool,,tid#wujinzhijing,tid#wujinzhijing,tid#wujinzhijing_introduce,1,,,wujinzhijing,wujinzhijing,,,,72,1,812,,,,,0,,,,,,,,,,,,,,,,,,,,,
jyz,tool,,,tid#jinyezi,,,,,,,,,,,,,,,,,0,,,,,,,,,,,,,,,,,,,,,
608001,tool,diziling,tid#fangkeling,tid#fangkeling,tid#fangkeling_introduce,1,,,fangkeling,fangkeling,10,,,1100,1,1100,,,,,0,,,,,,,,,,,,,,,,,,,,,
608002,tool,diziling,tid#xunzongling,tid#xunzongling,tid#xunzongling_introduce,1,,,xunzongling,xunzongling,100,,,1101,1,1101,,,,,0,,,,,,,,,,,,,,,,,,,,,
608003,tool,diziling,tid#xiayingling,tid#xiayingling,tid#xiayingling_introduce,1,,,xiayingling,xiayingling,300,,,1102,1,1102,,,,,0,,,,,,,,,,,,,,,,,,,,,
,,,,,,,,,,,,,,,,,,,,,,,,,,,,,,,,,,,,,,,,,,
,,,,,,,,,,,,,,,,,,,,,,,,,,,,,,,,,,,,,,,,,,
608004,tool,gift,tid#chaoshengshuilibao1,tid#chaoshengshuilibao1,tid#chaoshengshuilibao1_introduce,1,1394856000,1395115200,VIPlibao,,2500,,7500,991,1,730,,life,1,,0,,,ex8004,,,,,,,,,,,,,,,,,,
608005,tool,gift,tid#chaoshengshuilibao2,tid#chaoshengshuilibao2,tid#chaoshengshuilibao2_introduce,1,1394856000,1395115200,VIPlibao,,4000,,15000,992,1,731,,life,1,,0,,,ex8005,,,,,,,,,,,,,,,,,,
608006,tool,gift,tid#chaoshengshuilibao3,tid#chaoshengshuilibao3,tid#chaoshengshuilibao3_introduce,1,1394856000,1395115200,VIPlibao,,8000,,30000,993,1,732,,life,1,,0,,,ex8006,,,,,,,,,,,,,,,,,,
608007,tool,gift,tid#chaoshengshuilibao4,tid#chaoshengshuilibao4,tid#chaoshengshuilibao4_introduce,1,1394856000,1395115200,VIPlibao,,14000,,60000,994,1,733,,life,1,,0,,,ex8007,,,,,,,,,,,,,,,,,,
,,,,,,,,,,,,,,,,,,,,,,,,,,,,,,,,,,,,,,,,,,
608022,tool,gift,tid#newleijijine100,tid#newleijijine100,tid#newleijijine100_introduce,1,,,chongzhilibaojine,,,,,65,1,805,,,,,0,,,ex8022,,,,,,,,,,,,,,,,,,
608023,tool,gift,tid#newleijijine500,tid#newleijijine500,tid#newleijijine500_introduce,1,,,chongzhilibaojine,,,,,65,1,805,,,,,0,,,ex8023,,,,,,,,,,,,,,,,,,
608024,tool,gift,tid#newleijijine1000,tid#newleijijine1000,tid#newleijijine1000_introduce,1,,,chongzhilibaojine,,,,,65,1,805,,,,,0,,,ex8024,,,,,,,,,,,,,,,,,,
608025,tool,gift,tid#newleijijine2000,tid#newleijijine2000,tid#newleijijine2000_introduce,1,,,chongzhilibaojine,,,,,65,1,805,,,,,0,,,ex8025,,,,,,,,,,,,,,,,,,
,,,,,,,,,,,,,,,,,,,,,,,,,,,,,,,,,,,,,,,,,,
608026,tool,gift,tid#newcishu2,tid#newcishu2,tid#newcishu2_introduce,1,,,chongzhilibaocishu,,,,,65,1,805,,,,,0,,,ex8026,,,,,,,,,,,,,,,,,,
608027,tool,gift,tid#newcishu4,tid#newcishu4,tid#newcishu4_introduce,1,,,chongzhilibaocishu,,,,,65,1,805,,,,,0,,,ex8027,,,,,,,,,,,,,,,,,,
608028,tool,gift,tid#newcishu6,tid#newcishu6,tid#newcishu6_introduce,1,,,chongzhilibaocishu,,,,,65,1,805,,,,,0,,,ex8028,,,,,,,,,,,,,,,,,,
608029,tool,gift,tid#newcishu8,tid#newcishu8,tid#newcishu8_introduce,1,,,chongzhilibaocishu,,,,,65,1,805,,,,,0,,,ex8029,,,,,,,,,,,,,,,,,,
608030,tool,gift,tid#newcishu10,tid#newcishu10,tid#newcishu10_introduce,1,,,chongzhilibaocishu,,,,,65,1,805,,,,,0,,,ex8030,,,,,,,,,,,,,,,,,,
